[{"model": "truequeloop_app.location", "pk": 1, "fields": {"location": "Álava"}}, {"model": "truequeloop_app.location", "pk": 2, "fields": {"location": "Albacete"}}, {"model": "truequeloop_app.location", "pk": 3, "fields": {"location": "Alicante"}}, {"model": "truequeloop_app.location", "pk": 4, "fields": {"location": "Almería"}}, {"model": "truequeloop_app.location", "pk": 5, "fields": {"location": "Asturias"}}, {"model": "truequeloop_app.location", "pk": 6, "fields": {"location": "Ávila"}}, {"model": "truequeloop_app.location", "pk": 7, "fields": {"location": "Badajoz"}}, {"model": "truequeloop_app.location", "pk": 8, "fields": {"location": "Barcelona"}}, {"model": "truequeloop_app.location", "pk": 9, "fields": {"location": "Burgos"}}, {"model": "truequeloop_app.location", "pk": 10, "fields": {"location": "Cáceres"}}, {"model": "truequeloop_app.location", "pk": 11, "fields": {"location": "Cádiz"}}, {"model": "truequeloop_app.location", "pk": 12, "fields": {"location": "Cantabria"}}, {"model": "truequeloop_app.location", "pk": 13, "fields": {"location": "Castellón"}}, {"model": "truequeloop_app.location", "pk": 14, "fields": {"location": "Ciudad Real"}}, {"model": "truequeloop_app.location", "pk": 15, "fields": {"location": "Córdoba"}}, {"model": "truequeloop_app.location", "pk": 16, "fields": {"location": "Cuenca"}}, {"model": "truequeloop_app.location", "pk": 17, "fields": {"location": "Gerona"}}, {"model": "truequeloop_app.location", "pk": 18, "fields": {"location": "Granada"}}, {"model": "truequeloop_app.location", "pk": 19, "fields": {"location": "Guadalajara"}}, {"model": "truequeloop_app.location", "pk": 20, "fields": {"location": "Guipúzcoa"}}, {"model": "truequeloop_app.location", "pk": 21, "fields": {"location": "Huelva"}}, {"model": "truequeloop_app.location", "pk": 22, "fields": {"location": "Huesca"}}, {"model": "truequeloop_app.location", "pk": 23, "fields": {"location": "Islas Baleares"}}, {"model": "truequeloop_app.location", "pk": 24, "fields": {"location": "Jaén"}}, {"model": "truequeloop_app.location", "pk": 25, "fields": {"location": "La Coruña"}}, {"model": "truequeloop_app.location", "pk": 26, "fields": {"location": "La Rioja"}}, {"model": "truequeloop_app.location", "pk": 27, "fields": {"location": "Las Palmas"}}, {"model": "truequeloop_app.location", "pk": 28, "fields": {"location": "León"}}, {"model": "truequeloop_app.location", "pk": 29, "fields": {"location": "Lérida"}}, {"model": "truequeloop_app.location", "pk": 30, "fields": {"location": "Lugo"}}, {"model": "truequeloop_app.location", "pk": 31, "fields": {"location": "Madrid"}}, {"model": "truequeloop_app.location", "pk": 32, "fields": {"location": "Málaga"}}, {"model": "truequeloop_app.location", "pk": 33, "fields": {"location": "Murcia"}}, {"model": "truequeloop_app.location", "pk": 34, "fields": {"location": "Navarra"}}, {"model": "truequeloop_app.location", "pk": 35, "fields": {"location": "Orense"}}, {"model": "truequeloop_app.location", "pk": 36, "fields": {"location": "Palencia"}}, {"model": "truequeloop_app.location", "pk": 37, "fields": {"location": "Pontevedra"}}, {"model": "truequeloop_app.location", "pk": 38, "fields": {"location": "Salamanca"}}, {"model": "truequeloop_app.location", "pk": 39, "fields": {"location": "Santa Cruz de Tenerife"}}, {"model": "truequeloop_app.location", "pk": 40, "fields": {"location": "Segovia"}}, {"model": "truequeloop_app.location", "pk": 41, "fields": {"location": "Sevilla"}}, {"model": "truequeloop_app.location", "pk": 42, "fields": {"location": "Soria"}}, {"model": "truequeloop_app.location", "pk": 43, "fields": {"location": "Tarragona"}}, {"model": "truequeloop_app.location", "pk": 44, "fields": {"location": "Teruel"}}, {"model": "truequeloop_app.location", "pk": 45, "fields": {"location": "Toledo"}}, {"model": "truequeloop_app.location", "pk": 46, "fields": {"location": "Valencia"}}, {"model": "truequeloop_app.location", "pk": 47, "fields": {"location": "Valladolid"}}, {"model": "truequeloop_app.location", "pk": 48, "fields": {"location": "Vizcaya"}}, {"model": "truequeloop_app.location", "pk": 49, "fields": {"location": "Zamora"}}, {"model": "truequeloop_app.location", "pk": 50, "fields": {"location": "Zaragoza"}}, {"model": "truequeloop_app.profile", "pk": 1, "fields": {"user": 2, "profile_pic": "profiles/default-user.jpg", "created_at": "2023-09-13T03:22:05.899Z", "updated_at": "2023-09-21T21:28:58.906Z"}}, {"model": "truequeloop_app.profile", "pk": 2, "fields": {"user": 1, "profile_pic": "profiles/default-user.jpg", "created_at": "2023-09-24T16:19:07.120Z", "updated_at": "2023-10-26T20:28:04.552Z"}}, {"model": "truequeloop_app.profile", "pk": 4, "fields": {"user": 9, "profile_pic": "profiles/default-user.jpg", "created_at": "2023-10-28T13:40:09.546Z", "updated_at": "2023-10-28T13:40:09.546Z"}}, {"model": "truequeloop_app.profile", "pk": 5, "fields": {"user": 10, "profile_pic": "profiles/default-user.jpg", "created_at": "2023-11-06T11:17:27.689Z", "updated_at": "2023-11-06T11:17:27.689Z"}}, {"model": "truequeloop_app.profile", "pk": 6, "fields": {"user": 11, "profile_pic": "profiles/default-user.jpg", "created_at": "2023-11-08T23:36:15.922Z", "updated_at": "2023-11-08T23:36:15.922Z"}}, {"model": "truequeloop_app.community", "pk": 1, "fields": {"name": "Material Informático", "n_trades": 6, "community_image": "communities/Intercambio-material-informatico.jfif", "created_at": "2023-09-24T16:31:10.003Z", "updated_at": "2023-11-06T13:30:32.273Z"}}, {"model": "truequeloop_app.community", "pk": 2, "fields": {"name": "Ropa y Accesorios", "n_trades": 2, "community_image": "communities/Intercambio-ropa.jfif", "created_at": "2023-09-24T16:35:07.543Z", "updated_at": "2023-10-25T23:42:29.902Z"}}, {"model": "truequeloop_app.community", "pk": 3, "fields": {"name": "Consolas y Videojuegos", "n_trades": 0, "community_image": "communities/Intercambio-videojuegos.jfif", "created_at": "2023-09-24T16:35:43.888Z", "updated_at": "2023-09-24T16:35:43.888Z"}}, {"model": "truequeloop_app.community", "pk": 4, "fields": {"name": "Libros", "n_trades": 0, "community_image": "communities/Intercambio-libros.jfif", "created_at": "2023-09-24T16:36:44.694Z", "updated_at": "2023-11-08T23:09:05.698Z"}}, {"model": "truequeloop_app.community", "pk": 5, "fields": {"name": "Accesorios para bebés", "n_trades": 5, "community_image": "communities/Intercambio-accesorios-bebes.png", "created_at": "2023-09-24T16:37:12.459Z", "updated_at": "2023-10-25T23:42:14.311Z"}}, {"model": "truequeloop_app.community", "pk": 6, "fields": {"name": "Antigüedades y colecciones", "n_trades": 0, "community_image": "communities/_bfad93d8-55d0-4043-946e-ea96abf13ba8.jfif", "created_at": "2023-09-24T16:38:45.862Z", "updated_at": "2023-11-08T23:06:28.550Z"}}, {"model": "truequeloop_app.community", "pk": 7, "fields": {"name": "Material de Jardinería", "n_trades": 4, "community_image": "communities/Intercambio-material-jardineria.jfif", "created_at": "2023-09-25T15:36:45.517Z", "updated_at": "2023-10-25T23:20:06.197Z"}}, {"model": "truequeloop_app.community", "pk": 8, "fields": {"name": "Accesorios para vehículos", "n_trades": 0, "community_image": "communities/_62314c2c-2e7e-4b3d-b552-0e57df8ee26d.jfif", "created_at": "2023-09-28T02:37:30.603Z", "updated_at": "2023-11-08T22:47:50.829Z"}}, {"model": "truequeloop_app.community", "pk": 9, "fields": {"name": "Servicios", "n_trades": 0, "community_image": "communities/servicios-comunidad.jfif", "created_at": "2023-09-28T02:55:02.899Z", "updated_at": "2023-10-28T01:02:36.516Z"}}, {"model": "truequeloop_app.trade", "pk": 7, "fields": {"title": "Cambio cortacésped", "created_at": "2023-09-25T15:37:43.486Z", "updated_at": "2023-09-25T18:04:46.632Z", "main_image": "trades/imagen_2023-09-25_173739562.png", "description": "Cambio cortacésped casi nueva", "interested": "En material informático", "community": 7, "location": 5, "user": 1, "status": "ACTIVE"}}, {"model": "truequeloop_app.trade", "pk": 8, "fields": {"title": "Tarjeta gráfica", "created_at": "2023-09-25T16:42:28.012Z", "updated_at": "2023-09-25T16:42:28.012Z", "main_image": "trades/imagen_2023-09-25_183729162.png", "description": "Gráfica GTX 760 2GB con poco uso", "interested": "Accesorios para bebé", "community": 1, "location": 14, "user": 1, "status": "ACTIVE"}}, {"model": "truequeloop_app.trade", "pk": 9, "fields": {"title": "Procesador Ryzen 5 2600", "created_at": "2023-09-25T16:50:27.917Z", "updated_at": "2023-09-25T16:50:27.917Z", "main_image": "trades/imagen_2023-09-25_184948209.png", "description": "Procesador Ryzen 5 2600 poco usado", "interested": "En fuente de alimentación de +700W", "community": 1, "location": 41, "user": 1, "status": "ACTIVE"}}, {"model": "truequeloop_app.trade", "pk": 28, "fields": {"title": "Cambio 4x8GB de RAM DDR5 5600MHz", "created_at": "2023-11-06T11:35:56.623Z", "updated_at": "2023-11-06T13:01:02.748Z", "main_image": "trades/ram3.jpg", "description": "32 GB ram kingston fury ddr5 5600MHz nuevas", "interested": "Cortacésped y material de Jardinería", "community": 1, "location": 18, "user": 10, "status": "ACTIVE"}}, {"model": "truequeloop_app.trade", "pk": 29, "fields": {"title": "Monitor asus 24.5\" 240hz", "created_at": "2023-11-06T12:22:48.884Z", "updated_at": "2023-11-06T12:22:48.884Z", "main_image": "trades/monitor.jpg", "description": "Monitor asus 24.5\" 240hz 1ms con 1 año de uso", "interested": "Tarjeta gráfica", "community": 1, "location": 9, "user": 10, "status": "ACTIVE"}}, {"model": "truequeloop_app.trade", "pk": 30, "fields": {"title": "Fuente alimentación EVGA 850W", "created_at": "2023-11-06T12:26:25.958Z", "updated_at": "2023-11-06T13:30:32.259Z", "main_image": "trades/evga.webp", "description": "EVGA 850W modular 80 plus gold 3 años de uso", "interested": "Material informático", "community": 1, "location": 11, "user": 10, "status": "ACTIVE"}}, {"model": "truequeloop_app.trade", "pk": 31, "fields": {"title": "Chromebook ACER 8GB/128GB", "created_at": "2023-11-06T12:55:07.315Z", "updated_at": "2023-11-06T13:02:08.204Z", "main_image": "trades/portatil.webp", "description": "Acer Chromebook 314 CB314-2HT-K3WH 8gb/128 4 años de uso", "interested": "Una TV", "community": 1, "location": 4, "user": 10, "status": "ACTIVE"}}, {"model": "truequeloop_app.tradeimages", "pk": 1, "fields": {"image": "trades/3aUTWNW46dnlRVKNMGruokdPD1uWkuoM3XY86eatRqQ_350x200_1x-0.jfif", "trade": 9}}, {"model": "truequeloop_app.tradeimages", "pk": 2, "fields": {"image": "trades/descarga.jfif", "trade": 9}}, {"model": "truequeloop_app.tradeimages", "pk": 12, "fields": {"image": "trades/imagen_2023-11-06_123555421.png", "trade": 28}}, {"model": "truequeloop_app.tradeimages", "pk": 15, "fields": {"image": "trades/ram5.png", "trade": 28}}, {"model": "truequeloop_app.openchat", "pk": "34dededa-3af0-438d-aa48-748dbbce2f98", "fields": {"user1": 10, "user2": 2, "created_at": "2023-11-06T13:26:10.322Z"}}, {"model": "truequeloop_app.openchat", "pk": "4d813ce5-24a0-48ec-829e-6d9bdc6cb007", "fields": {"user1": 9, "user2": 1, "created_at": "2023-10-28T13:40:16.900Z"}}, {"model": "truequeloop_app.openchat", "pk": "5e49608b-9548-4dea-93cf-bcc760a97a14", "fields": {"user1": 11, "user2": 1, "created_at": "2023-11-08T23:37:35.831Z"}}, {"model": "truequeloop_app.openchat", "pk": "5e796e28-ef0e-40b1-9c68-aca7086f38ca", "fields": {"user1": 10, "user2": 9, "created_at": "2023-11-06T13:27:30.193Z"}}, {"model": "truequeloop_app.openchat", "pk": "84287239-a581-4c2f-becb-dda0c8d98827", "fields": {"user1": 10, "user2": 1, "created_at": "2023-11-06T11:51:37.452Z"}}, {"model": "truequeloop_app.openchat", "pk": "c4ffbe21-2e98-46ab-a527-a42a8755904a", "fields": {"user1": 9, "user2": 2, "created_at": "2023-10-28T13:46:18.517Z"}}, {"model": "truequeloop_app.openchat", "pk": "d469cb77-c807-4892-9a31-e5fb8d81ea00", "fields": {"user1": 2, "user2": 1, "created_at": "2023-10-05T20:50:21.931Z"}}, {"model": "truequeloop_app.message", "pk": 3, "fields": {"sender": 2, "receiver": 1, "content": "Hola", "chat": "d469cb77-c807-4892-9a31-e5fb8d81ea00", "created_at": "2023-10-05T20:50:41.783Z"}}, {"model": "truequeloop_app.message", "pk": 4, "fields": {"sender": 1, "receiver": 2, "content": "Hola", "chat": "d469cb77-c807-4892-9a31-e5fb8d81ea00", "created_at": "2023-10-05T20:51:46.198Z"}}, {"model": "truequeloop_app.message", "pk": 19, "fields": {"sender": 2, "receiver": 1, "content": "Hola", "chat": "d469cb77-c807-4892-9a31-e5fb8d81ea00", "created_at": "2023-10-20T12:27:39.265Z"}}, {"model": "truequeloop_app.message", "pk": 20, "fields": {"sender": 2, "receiver": 1, "content": "Holaa", "chat": "d469cb77-c807-4892-9a31-e5fb8d81ea00", "created_at": "2023-10-20T12:30:25.890Z"}}, {"model": "truequeloop_app.message", "pk": 21, "fields": {"sender": 2, "receiver": 1, "content": "a", "chat": "d469cb77-c807-4892-9a31-e5fb8d81ea00", "created_at": "2023-10-20T12:57:26.231Z"}}, {"model": "truequeloop_app.message", "pk": 22, "fields": {"sender": 2, "receiver": 1, "content": "", "chat": "d469cb77-c807-4892-9a31-e5fb8d81ea00", "created_at": "2023-10-20T12:57:27.426Z"}}, {"model": "truequeloop_app.message", "pk": 23, "fields": {"sender": 2, "receiver": 1, "content": "a", "chat": "d469cb77-c807-4892-9a31-e5fb8d81ea00", "created_at": "2023-10-20T12:57:29.185Z"}}, {"model": "truequeloop_app.message", "pk": 24, "fields": {"sender": 2, "receiver": 1, "content": "a", "chat": "d469cb77-c807-4892-9a31-e5fb8d81ea00", "created_at": "2023-10-20T12:57:29.993Z"}}, {"model": "truequeloop_app.message", "pk": 25, "fields": {"sender": 2, "receiver": 1, "content": "a", "chat": "d469cb77-c807-4892-9a31-e5fb8d81ea00", "created_at": "2023-10-20T12:57:31.001Z"}}, {"model": "truequeloop_app.message", "pk": 26, "fields": {"sender": 2, "receiver": 1, "content": "a", "chat": "d469cb77-c807-4892-9a31-e5fb8d81ea00", "created_at": "2023-10-20T12:57:32.178Z"}}, {"model": "truequeloop_app.message", "pk": 27, "fields": {"sender": 2, "receiver": 1, "content": "a", "chat": "d469cb77-c807-4892-9a31-e5fb8d81ea00", "created_at": "2023-10-20T12:57:33.501Z"}}, {"model": "truequeloop_app.message", "pk": 28, "fields": {"sender": 2, "receiver": 1, "content": "a", "chat": "d469cb77-c807-4892-9a31-e5fb8d81ea00", "created_at": "2023-10-20T12:57:34.654Z"}}, {"model": "truequeloop_app.message", "pk": 29, "fields": {"sender": 2, "receiver": 1, "content": "a", "chat": "d469cb77-c807-4892-9a31-e5fb8d81ea00", "created_at": "2023-10-20T12:57:35.749Z"}}, {"model": "truequeloop_app.message", "pk": 30, "fields": {"sender": 2, "receiver": 1, "content": "a", "chat": "d469cb77-c807-4892-9a31-e5fb8d81ea00", "created_at": "2023-10-20T12:57:36.820Z"}}, {"model": "truequeloop_app.message", "pk": 31, "fields": {"sender": 2, "receiver": 1, "content": "a", "chat": "d469cb77-c807-4892-9a31-e5fb8d81ea00", "created_at": "2023-10-20T12:57:38.533Z"}}, {"model": "truequeloop_app.message", "pk": 32, "fields": {"sender": 2, "receiver": 1, "content": "Hola Hola Hola Hola Hola Hola Hola Hola Hola Hola Hola Hola Hola Hola Hola Hola Hola Hola Hola Hola Hola Hola Hola Hola Hola Hola Hola Hola Hola Hola Hola Hola Hola Hola Hola Hola Hola Hola Hola Hola Hola Hola Hola Hola Hola Hola Hola Hola Hola Hola Hola Hola Hola Hola Hola Hola Hola Hola Hola Hola Hola Hola Hola Hola Hola Hola ", "chat": "d469cb77-c807-4892-9a31-e5fb8d81ea00", "created_at": "2023-10-20T13:06:39.586Z"}}, {"model": "truequeloop_app.message", "pk": 33, "fields": {"sender": 2, "receiver": 1, "content": "Hola", "chat": "d469cb77-c807-4892-9a31-e5fb8d81ea00", "created_at": "2023-10-20T13:14:15.069Z"}}, {"model": "truequeloop_app.message", "pk": 34, "fields": {"sender": 2, "receiver": 1, "content": "", "chat": "d469cb77-c807-4892-9a31-e5fb8d81ea00", "created_at": "2023-10-22T15:05:56.408Z"}}, {"model": "truequeloop_app.message", "pk": 35, "fields": {"sender": 2, "receiver": 1, "content": "hola", "chat": "d469cb77-c807-4892-9a31-e5fb8d81ea00", "created_at": "2023-10-22T15:34:06.853Z"}}, {"model": "truequeloop_app.message", "pk": 36, "fields": {"sender": 2, "receiver": 1, "content": "Hola", "chat": "d469cb77-c807-4892-9a31-e5fb8d81ea00", "created_at": "2023-10-22T15:39:18.991Z"}}, {"model": "truequeloop_app.message", "pk": 37, "fields": {"sender": 2, "receiver": 1, "content": "Hola", "chat": "d469cb77-c807-4892-9a31-e5fb8d81ea00", "created_at": "2023-10-22T15:39:38.817Z"}}, {"model": "truequeloop_app.message", "pk": 38, "fields": {"sender": 2, "receiver": 1, "content": "Holaa", "chat": "d469cb77-c807-4892-9a31-e5fb8d81ea00", "created_at": "2023-10-22T15:39:47.790Z"}}, {"model": "truequeloop_app.message", "pk": 42, "fields": {"sender": 9, "receiver": 1, "content": "Hola", "chat": "4d813ce5-24a0-48ec-829e-6d9bdc6cb007", "created_at": "2023-10-28T13:46:05.282Z"}}, {"model": "truequeloop_app.message", "pk": 43, "fields": {"sender": 9, "receiver": 2, "content": "Hola", "chat": "c4ffbe21-2e98-46ab-a527-a42a8755904a", "created_at": "2023-10-28T13:46:25.449Z"}}, {"model": "truequeloop_app.message", "pk": 44, "fields": {"sender": 9, "receiver": 2, "content": "Estoy interesado", "chat": "c4ffbe21-2e98-46ab-a527-a42a8755904a", "created_at": "2023-10-28T14:14:18.678Z"}}, {"model": "truequeloop_app.message", "pk": 45, "fields": {"sender": 1, "receiver": 9, "content": "Hola", "chat": "4d813ce5-24a0-48ec-829e-6d9bdc6cb007", "created_at": "2023-10-30T18:28:22.771Z"}}, {"model": "truequeloop_app.message", "pk": 46, "fields": {"sender": 9, "receiver": 1, "content": "Estoy interesado", "chat": "4d813ce5-24a0-48ec-829e-6d9bdc6cb007", "created_at": "2023-10-30T19:15:43.801Z"}}, {"model": "truequeloop_app.message", "pk": 47, "fields": {"sender": 1, "receiver": 2, "content": "Hola, que tal?", "chat": "d469cb77-c807-4892-9a31-e5fb8d81ea00", "created_at": "2023-10-31T22:31:14.916Z"}}, {"model": "truequeloop_app.message", "pk": 48, "fields": {"sender": 10, "receiver": 9, "content": "Holaa", "chat": "5e796e28-ef0e-40b1-9c68-aca7086f38ca", "created_at": "2023-11-06T13:27:35.365Z"}}, {"model": "truequeloop_app.message", "pk": 49, "fields": {"sender": 10, "receiver": 1, "content": "Hola!", "chat": "84287239-a581-4c2f-becb-dda0c8d98827", "created_at": "2023-11-06T13:27:42.781Z"}}, {"model": "truequeloop_app.message", "pk": 50, "fields": {"sender": 10, "receiver": 2, "content": "Buenas!", "chat": "34dededa-3af0-438d-aa48-748dbbce2f98", "created_at": "2023-11-06T13:27:49.857Z"}}, {"model": "truequeloop_app.message", "pk": 51, "fields": {"sender": 1, "receiver": 10, "content": "Buenas!", "chat": "84287239-a581-4c2f-becb-dda0c8d98827", "created_at": "2023-11-06T15:23:08.998Z"}}, {"model": "truequeloop_app.message", "pk": 52, "fields": {"sender": 10, "receiver": 1, "content": "Estaba interesado en el anuncio de la tarjeta gráfica", "chat": "84287239-a581-4c2f-becb-dda0c8d98827", "created_at": "2023-11-06T15:24:37.082Z"}}, {"model": "truequeloop_app.message", "pk": 58, "fields": {"sender": 1, "receiver": 10, "content": "Que me ofreces a cambio?", "chat": "84287239-a581-4c2f-becb-dda0c8d98827", "created_at": "2023-11-06T15:56:47.125Z"}}, {"model": "truequeloop_app.message", "pk": 59, "fields": {"sender": 10, "receiver": 1, "content": "Un portatil chromebook", "chat": "84287239-a581-4c2f-becb-dda0c8d98827", "created_at": "2023-11-06T15:57:30.098Z"}}, {"model": "truequeloop_app.message", "pk": 60, "fields": {"sender": 1, "receiver": 10, "content": "me lo pensare", "chat": "84287239-a581-4c2f-becb-dda0c8d98827", "created_at": "2023-11-06T15:57:54.270Z"}}, {"model": "truequeloop_app.message", "pk": 61, "fields": {"sender": 1, "receiver": 10, "content": "que portatil es", "chat": "84287239-a581-4c2f-becb-dda0c8d98827", "created_at": "2023-11-06T15:58:12.375Z"}}, {"model": "truequeloop_app.message", "pk": 62, "fields": {"sender": 11, "receiver": 1, "content": "Hola!", "chat": "5e49608b-9548-4dea-93cf-bcc760a97a14", "created_at": "2023-11-08T23:37:42.939Z"}}, {"model": "truequeloop_app.communityrequest", "pk": 15, "fields": {"community_name": "Intercambio de Joyas", "created_at": "2023-11-06T14:04:29.085Z", "community_description": "intercambio de joyas", "requester": 10, "sug_image": "communities/joyas.png", "approved": null}}, {"model": "truequeloop_app.communityrequest", "pk": 16, "fields": {"community_name": "Intercambio cartas pokemon", "created_at": "2023-11-06T14:07:45.488Z", "community_description": "Intercambiar cartas pokemon", "requester": 10, "sug_image": "", "approved": null}}, {"model": "truequeloop_app.communityrequest", "pk": 17, "fields": {"community_name": "Intercambio de arte", "created_at": "2023-11-06T16:04:45.770Z", "community_description": "Intercambio de arte como pueden ser cuadros, esculturas...", "requester": 10, "sug_image": "", "approved": null}}, {"model": "truequeloop_app.communityrequest", "pk": 18, "fields": {"community_name": "Intercambio de alimentos", "created_at": "2023-11-06T16:05:44.282Z", "community_description": "intercambio de alimentos como pueden ser hortalizas, frutas", "requester": 10, "sug_image": "", "approved": null}}, {"model": "admin_interface.theme", "pk": 1, "fields": {"name": "Django", "active": true, "title": "Administración de Truequeloop", "title_color": "#040231", "title_visible": true, "logo": "admin-interface/logo/truequeloop-logo-larga.png", "logo_color": "#FFFFFF", "logo_max_width": 250, "logo_max_height": 100, "logo_visible": true, "favicon": "admin-interface/favicon/favicon.png", "env_name": "", "env_color": "#34EEC6", "env_visible_in_header": true, "env_visible_in_favicon": true, "language_chooser_active": true, "language_chooser_control": "default-select", "language_chooser_display": "code", "css_header_background_color": "#E6E6E6", "css_header_text_color": "#0D145F", "css_header_link_color": "#0D145F", "css_header_link_hover_color": "#337BF0", "css_module_background_color": "#323B5B", "css_module_background_selected_color": "#27BEFF", "css_module_text_color": "#34EEC6", "css_module_link_color": "#34EEC6", "css_module_link_selected_color": "#2AC0A0", "css_module_link_hover_color": "#337BF0", "css_module_rounded_corners": true, "css_generic_link_color": "#323B5B", "css_generic_link_hover_color": "#337BF0", "css_generic_link_active_color": "#46527F", "css_save_button_background_color": "#323B5B", "css_save_button_background_hover_color": "#337BF0", "css_save_button_text_color": "#34EEC6", "css_delete_button_background_color": "#BA2121", "css_delete_button_background_hover_color": "#A41515", "css_delete_button_text_color": "#FFFFFF", "related_modal_active": true, "related_modal_background_color": "#000000", "related_modal_background_opacity": "0.3", "related_modal_rounded_corners": true, "related_modal_close_button_visible": true, "list_filter_highlight": true, "list_filter_dropdown": true, "list_filter_sticky": true, "list_filter_removal_links": false, "foldable_apps": true, "show_fieldsets_as_tabs": false, "show_inlines_as_tabs": false, "collapsible_stacked_inlines": false, "collapsible_stacked_inlines_collapsed": true, "collapsible_tabular_inlines": false, "collapsible_tabular_inlines_collapsed": true, "recent_actions_visible": true, "form_submit_sticky": false, "form_pagination_sticky": false}}, {"model": "admin.logentry", "pk": 1, "fields": {"action_time": "2023-09-12T16:10:17.047Z", "user": 1, "content_type": 7, "object_id": "1", "object_repr": "Profile object (1)", "action_flag": 1, "change_message": "[{\"added\": {}}]"}}, {"model": "admin.logentry", "pk": 2, "fields": {"action_time": "2023-09-21T21:27:34.467Z", "user": 1, "content_type": 7, "object_id": "1", "object_repr": "Profile object (1)", "action_flag": 2, "change_message": "[{\"changed\": {\"fields\": [\"User\", \"Profile pic\"]}}]"}}, {"model": "admin.logentry", "pk": 3, "fields": {"action_time": "2023-09-21T21:28:10.248Z", "user": 1, "content_type": 7, "object_id": "1", "object_repr": "Profile object (1)", "action_flag": 2, "change_message": "[{\"changed\": {\"fields\": [\"Profile pic\"]}}]"}}, {"model": "admin.logentry", "pk": 4, "fields": {"action_time": "2023-09-21T21:28:40.569Z", "user": 1, "content_type": 7, "object_id": "1", "object_repr": "Profile object (1)", "action_flag": 2, "change_message": "[{\"changed\": {\"fields\": [\"Profile pic\"]}}]"}}, {"model": "admin.logentry", "pk": 5, "fields": {"action_time": "2023-09-21T21:28:58.907Z", "user": 1, "content_type": 7, "object_id": "1", "object_repr": "Profile object (1)", "action_flag": 2, "change_message": "[{\"changed\": {\"fields\": [\"Profile pic\"]}}]"}}, {"model": "admin.logentry", "pk": 6, "fields": {"action_time": "2023-09-24T16:19:07.123Z", "user": 1, "content_type": 4, "object_id": "1", "object_repr": "angel", "action_flag": 2, "change_message": "[{\"added\": {\"name\": \"profile\", \"object\": \"Profile object (2)\"}}]"}}, {"model": "admin.logentry", "pk": 7, "fields": {"action_time": "2023-09-24T16:31:10.005Z", "user": 1, "content_type": 8, "object_id": "1", "object_repr": "Community object (1)", "action_flag": 1, "change_message": "[{\"added\": {}}]"}}, {"model": "admin.logentry", "pk": 8, "fields": {"action_time": "2023-09-24T16:35:07.544Z", "user": 1, "content_type": 8, "object_id": "2", "object_repr": "Ropa y Accesorios", "action_flag": 1, "change_message": "[{\"added\": {}}]"}}, {"model": "admin.logentry", "pk": 9, "fields": {"action_time": "2023-09-24T16:35:43.889Z", "user": 1, "content_type": 8, "object_id": "3", "object_repr": "Consolas y Videojuegos", "action_flag": 1, "change_message": "[{\"added\": {}}]"}}, {"model": "admin.logentry", "pk": 10, "fields": {"action_time": "2023-09-24T16:36:44.696Z", "user": 1, "content_type": 8, "object_id": "4", "object_repr": "Libros", "action_flag": 1, "change_message": "[{\"added\": {}}]"}}, {"model": "admin.logentry", "pk": 11, "fields": {"action_time": "2023-09-24T16:37:12.460Z", "user": 1, "content_type": 8, "object_id": "5", "object_repr": "Accesorios para bebés", "action_flag": 1, "change_message": "[{\"added\": {}}]"}}, {"model": "admin.logentry", "pk": 12, "fields": {"action_time": "2023-09-24T16:38:45.863Z", "user": 1, "content_type": 8, "object_id": "6", "object_repr": "Antigüedades y colecciones", "action_flag": 1, "change_message": "[{\"added\": {}}]"}}, {"model": "admin.logentry", "pk": 13, "fields": {"action_time": "2023-09-25T15:36:45.519Z", "user": 1, "content_type": 8, "object_id": "7", "object_repr": "Material de Jardinería", "action_flag": 1, "change_message": "[{\"added\": {}}]"}}, {"model": "admin.logentry", "pk": 14, "fields": {"action_time": "2023-09-25T15:39:03.873Z", "user": 1, "content_type": 9, "object_id": "4", "object_repr": "Hola", "action_flag": 3, "change_message": ""}}, {"model": "admin.logentry", "pk": 15, "fields": {"action_time": "2023-09-25T15:39:08.264Z", "user": 1, "content_type": 9, "object_id": "5", "object_repr": "Hola", "action_flag": 3, "change_message": ""}}, {"model": "admin.logentry", "pk": 16, "fields": {"action_time": "2023-09-25T18:02:43.067Z", "user": 1, "content_type": 9, "object_id": "6", "object_repr": "Hola", "action_flag": 3, "change_message": ""}}, {"model": "admin.logentry", "pk": 17, "fields": {"action_time": "2023-09-25T18:04:46.636Z", "user": 1, "content_type": 9, "object_id": "7", "object_repr": "Cambio cortacésped", "action_flag": 2, "change_message": "[]"}}, {"model": "admin.logentry", "pk": 18, "fields": {"action_time": "2023-09-28T02:37:30.610Z", "user": 1, "content_type": 8, "object_id": "8", "object_repr": "Accesorios para vehículos", "action_flag": 1, "change_message": "[{\"added\": {}}]"}}, {"model": "admin.logentry", "pk": 19, "fields": {"action_time": "2023-09-28T02:38:35.700Z", "user": 1, "content_type": 8, "object_id": "8", "object_repr": "Accesorios para vehículos", "action_flag": 2, "change_message": "[{\"changed\": {\"fields\": [\"Community image\"]}}]"}}, {"model": "admin.logentry", "pk": 20, "fields": {"action_time": "2023-09-28T02:55:02.901Z", "user": 1, "content_type": 8, "object_id": "9", "object_repr": "Servicios", "action_flag": 1, "change_message": "[{\"added\": {}}]"}}, {"model": "admin.logentry", "pk": 21, "fields": {"action_time": "2023-10-05T18:45:20.164Z", "user": 1, "content_type": 8, "object_id": "6", "object_repr": "Antigüedades y colecciones", "action_flag": 2, "change_message": "[{\"changed\": {\"fields\": [\"Community image\"]}}]"}}, {"model": "admin.logentry", "pk": 22, "fields": {"action_time": "2023-10-30T21:23:09.023Z", "user": 1, "content_type": 16, "object_id": "1", "object_repr": "Django", "action_flag": 2, "change_message": "[{\"changed\": {\"fields\": [\"Favicon\", \"Title\"]}}]"}}, {"model": "admin.logentry", "pk": 23, "fields": {"action_time": "2023-10-30T21:23:40.627Z", "user": 1, "content_type": 16, "object_id": "1", "object_repr": "Django", "action_flag": 2, "change_message": "[{\"changed\": {\"fields\": [\"Logo\"]}}]"}}, {"model": "admin.logentry", "pk": 24, "fields": {"action_time": "2023-10-30T21:24:09.235Z", "user": 1, "content_type": 16, "object_id": "1", "object_repr": "Django", "action_flag": 2, "change_message": "[{\"changed\": {\"fields\": [\"Max width\"]}}]"}}, {"model": "admin.logentry", "pk": 25, "fields": {"action_time": "2023-10-30T21:24:38.735Z", "user": 1, "content_type": 16, "object_id": "1", "object_repr": "Django", "action_flag": 2, "change_message": "[{\"changed\": {\"fields\": [\"Max width\"]}}]"}}, {"model": "admin.logentry", "pk": 26, "fields": {"action_time": "2023-10-30T22:55:53.179Z", "user": 1, "content_type": 16, "object_id": "1", "object_repr": "Django", "action_flag": 2, "change_message": "[{\"changed\": {\"fields\": [\"Color\", \"Background color\", \"Text color\", \"Link hover color\", \"Background color\"]}}]"}}, {"model": "admin.logentry", "pk": 27, "fields": {"action_time": "2023-10-30T22:56:31.263Z", "user": 1, "content_type": 16, "object_id": "1", "object_repr": "Django", "action_flag": 2, "change_message": "[{\"changed\": {\"fields\": [\"Background color\", \"Background color\"]}}]"}}, {"model": "admin.logentry", "pk": 28, "fields": {"action_time": "2023-10-30T22:57:03.793Z", "user": 1, "content_type": 16, "object_id": "1", "object_repr": "Django", "action_flag": 2, "change_message": "[{\"changed\": {\"fields\": [\"Background color\"]}}]"}}, {"model": "admin.logentry", "pk": 29, "fields": {"action_time": "2023-10-30T22:58:59.926Z", "user": 1, "content_type": 16, "object_id": "1", "object_repr": "Django", "action_flag": 2, "change_message": "[{\"changed\": {\"fields\": [\"Link color\", \"Background color\", \"Background selected color\", \"Text color\"]}}]"}}, {"model": "admin.logentry", "pk": 30, "fields": {"action_time": "2023-10-30T22:59:45.447Z", "user": 1, "content_type": 16, "object_id": "1", "object_repr": "Django", "action_flag": 2, "change_message": "[{\"changed\": {\"fields\": [\"Background color\"]}}]"}}, {"model": "admin.logentry", "pk": 31, "fields": {"action_time": "2023-10-30T23:00:57.998Z", "user": 1, "content_type": 16, "object_id": "1", "object_repr": "Django", "action_flag": 2, "change_message": "[{\"changed\": {\"fields\": [\"Link color\", \"Link hover color\", \"Link active color\", \"Background color\", \"Background hover color\", \"Text color\"]}}]"}}, {"model": "admin.logentry", "pk": 32, "fields": {"action_time": "2023-10-30T23:01:41.295Z", "user": 1, "content_type": 16, "object_id": "1", "object_repr": "Django", "action_flag": 2, "change_message": "[{\"changed\": {\"fields\": [\"Link hover color\", \"Background hover color\"]}}]"}}, {"model": "admin.logentry", "pk": 33, "fields": {"action_time": "2023-10-30T23:02:42.663Z", "user": 1, "content_type": 14, "object_id": "1339a423-11f0-41c4-8992-dcb88e20cb59", "object_repr": "angel <-> angel", "action_flag": 3, "change_message": ""}}, {"model": "admin.logentry", "pk": 34, "fields": {"action_time": "2023-10-30T23:05:12.117Z", "user": 1, "content_type": 16, "object_id": "1", "object_repr": "Django", "action_flag": 2, "change_message": "[{\"changed\": {\"fields\": [\"Color\"]}}]"}}, {"model": "admin.logentry", "pk": 35, "fields": {"action_time": "2023-10-30T23:05:50.231Z", "user": 1, "content_type": 16, "object_id": "1", "object_repr": "Django", "action_flag": 2, "change_message": "[{\"changed\": {\"fields\": [\"Link hover color\"]}}]"}}, {"model": "admin.logentry", "pk": 36, "fields": {"action_time": "2023-10-30T23:07:07.729Z", "user": 1, "content_type": 16, "object_id": "1", "object_repr": "Django", "action_flag": 2, "change_message": "[{\"changed\": {\"fields\": [\"Link color\", \"Link selected color\"]}}]"}}, {"model": "auth.permission", "pk": 1, "fields": {"name": "Can add log entry", "content_type": 1, "codename": "add_logentry"}}, {"model": "auth.permission", "pk": 2, "fields": {"name": "Can change log entry", "content_type": 1, "codename": "change_logentry"}}, {"model": "auth.permission", "pk": 3, "fields": {"name": "Can delete log entry", "content_type": 1, "codename": "delete_logentry"}}, {"model": "auth.permission", "pk": 4, "fields": {"name": "Can view log entry", "content_type": 1, "codename": "view_logentry"}}, {"model": "auth.permission", "pk": 5, "fields": {"name": "Can add permission", "content_type": 2, "codename": "add_permission"}}, {"model": "auth.permission", "pk": 6, "fields": {"name": "Can change permission", "content_type": 2, "codename": "change_permission"}}, {"model": "auth.permission", "pk": 7, "fields": {"name": "Can delete permission", "content_type": 2, "codename": "delete_permission"}}, {"model": "auth.permission", "pk": 8, "fields": {"name": "Can view permission", "content_type": 2, "codename": "view_permission"}}, {"model": "auth.permission", "pk": 9, "fields": {"name": "Can add group", "content_type": 3, "codename": "add_group"}}, {"model": "auth.permission", "pk": 10, "fields": {"name": "Can change group", "content_type": 3, "codename": "change_group"}}, {"model": "auth.permission", "pk": 11, "fields": {"name": "Can delete group", "content_type": 3, "codename": "delete_group"}}, {"model": "auth.permission", "pk": 12, "fields": {"name": "Can view group", "content_type": 3, "codename": "view_group"}}, {"model": "auth.permission", "pk": 13, "fields": {"name": "Can add user", "content_type": 4, "codename": "add_user"}}, {"model": "auth.permission", "pk": 14, "fields": {"name": "Can change user", "content_type": 4, "codename": "change_user"}}, {"model": "auth.permission", "pk": 15, "fields": {"name": "Can delete user", "content_type": 4, "codename": "delete_user"}}, {"model": "auth.permission", "pk": 16, "fields": {"name": "Can view user", "content_type": 4, "codename": "view_user"}}, {"model": "auth.permission", "pk": 17, "fields": {"name": "Can add content type", "content_type": 5, "codename": "add_contenttype"}}, {"model": "auth.permission", "pk": 18, "fields": {"name": "Can change content type", "content_type": 5, "codename": "change_contenttype"}}, {"model": "auth.permission", "pk": 19, "fields": {"name": "Can delete content type", "content_type": 5, "codename": "delete_contenttype"}}, {"model": "auth.permission", "pk": 20, "fields": {"name": "Can view content type", "content_type": 5, "codename": "view_contenttype"}}, {"model": "auth.permission", "pk": 21, "fields": {"name": "Can add session", "content_type": 6, "codename": "add_session"}}, {"model": "auth.permission", "pk": 22, "fields": {"name": "Can change session", "content_type": 6, "codename": "change_session"}}, {"model": "auth.permission", "pk": 23, "fields": {"name": "Can delete session", "content_type": 6, "codename": "delete_session"}}, {"model": "auth.permission", "pk": 24, "fields": {"name": "Can view session", "content_type": 6, "codename": "view_session"}}, {"model": "auth.permission", "pk": 25, "fields": {"name": "Can add profile", "content_type": 7, "codename": "add_profile"}}, {"model": "auth.permission", "pk": 26, "fields": {"name": "Can change profile", "content_type": 7, "codename": "change_profile"}}, {"model": "auth.permission", "pk": 27, "fields": {"name": "Can delete profile", "content_type": 7, "codename": "delete_profile"}}, {"model": "auth.permission", "pk": 28, "fields": {"name": "Can view profile", "content_type": 7, "codename": "view_profile"}}, {"model": "auth.permission", "pk": 29, "fields": {"name": "Can add community", "content_type": 8, "codename": "add_community"}}, {"model": "auth.permission", "pk": 30, "fields": {"name": "Can change community", "content_type": 8, "codename": "change_community"}}, {"model": "auth.permission", "pk": 31, "fields": {"name": "Can delete community", "content_type": 8, "codename": "delete_community"}}, {"model": "auth.permission", "pk": 32, "fields": {"name": "Can view community", "content_type": 8, "codename": "view_community"}}, {"model": "auth.permission", "pk": 33, "fields": {"name": "Can add trade", "content_type": 9, "codename": "add_trade"}}, {"model": "auth.permission", "pk": 34, "fields": {"name": "Can change trade", "content_type": 9, "codename": "change_trade"}}, {"model": "auth.permission", "pk": 35, "fields": {"name": "Can delete trade", "content_type": 9, "codename": "delete_trade"}}, {"model": "auth.permission", "pk": 36, "fields": {"name": "Can view trade", "content_type": 9, "codename": "view_trade"}}, {"model": "auth.permission", "pk": 37, "fields": {"name": "Can add trade images", "content_type": 10, "codename": "add_tradeimages"}}, {"model": "auth.permission", "pk": 38, "fields": {"name": "Can change trade images", "content_type": 10, "codename": "change_tradeimages"}}, {"model": "auth.permission", "pk": 39, "fields": {"name": "Can delete trade images", "content_type": 10, "codename": "delete_tradeimages"}}, {"model": "auth.permission", "pk": 40, "fields": {"name": "Can view trade images", "content_type": 10, "codename": "view_tradeimages"}}, {"model": "auth.permission", "pk": 41, "fields": {"name": "Can add location", "content_type": 11, "codename": "add_location"}}, {"model": "auth.permission", "pk": 42, "fields": {"name": "Can change location", "content_type": 11, "codename": "change_location"}}, {"model": "auth.permission", "pk": 43, "fields": {"name": "Can delete location", "content_type": 11, "codename": "delete_location"}}, {"model": "auth.permission", "pk": 44, "fields": {"name": "Can view location", "content_type": 11, "codename": "view_location"}}, {"model": "auth.permission", "pk": 45, "fields": {"name": "Can add open chats", "content_type": 12, "codename": "add_openchats"}}, {"model": "auth.permission", "pk": 46, "fields": {"name": "Can change open chats", "content_type": 12, "codename": "change_openchats"}}, {"model": "auth.permission", "pk": 47, "fields": {"name": "Can delete open chats", "content_type": 12, "codename": "delete_openchats"}}, {"model": "auth.permission", "pk": 48, "fields": {"name": "Can view open chats", "content_type": 12, "codename": "view_openchats"}}, {"model": "auth.permission", "pk": 49, "fields": {"name": "Can add message", "content_type": 13, "codename": "add_message"}}, {"model": "auth.permission", "pk": 50, "fields": {"name": "Can change message", "content_type": 13, "codename": "change_message"}}, {"model": "auth.permission", "pk": 51, "fields": {"name": "Can delete message", "content_type": 13, "codename": "delete_message"}}, {"model": "auth.permission", "pk": 52, "fields": {"name": "Can view message", "content_type": 13, "codename": "view_message"}}, {"model": "auth.permission", "pk": 53, "fields": {"name": "Can add open chat", "content_type": 14, "codename": "add_openchat"}}, {"model": "auth.permission", "pk": 54, "fields": {"name": "Can change open chat", "content_type": 14, "codename": "change_openchat"}}, {"model": "auth.permission", "pk": 55, "fields": {"name": "Can delete open chat", "content_type": 14, "codename": "delete_openchat"}}, {"model": "auth.permission", "pk": 56, "fields": {"name": "Can view open chat", "content_type": 14, "codename": "view_openchat"}}, {"model": "auth.permission", "pk": 57, "fields": {"name": "Can add community request", "content_type": 15, "codename": "add_communityrequest"}}, {"model": "auth.permission", "pk": 58, "fields": {"name": "Can change community request", "content_type": 15, "codename": "change_communityrequest"}}, {"model": "auth.permission", "pk": 59, "fields": {"name": "Can delete community request", "content_type": 15, "codename": "delete_communityrequest"}}, {"model": "auth.permission", "pk": 60, "fields": {"name": "Can view community request", "content_type": 15, "codename": "view_communityrequest"}}, {"model": "auth.permission", "pk": 61, "fields": {"name": "Can add Theme", "content_type": 16, "codename": "add_theme"}}, {"model": "auth.permission", "pk": 62, "fields": {"name": "Can change Theme", "content_type": 16, "codename": "change_theme"}}, {"model": "auth.permission", "pk": 63, "fields": {"name": "Can delete Theme", "content_type": 16, "codename": "delete_theme"}}, {"model": "auth.permission", "pk": 64, "fields": {"name": "Can view Theme", "content_type": 16, "codename": "view_theme"}}, {"model": "auth.user", "pk": 1, "fields": {"password": "pbkdf2_sha256$600000$ZsA2gbFajqb9Pc1xSSOxoh$qEIymUoYp4y8PS+6pN9p/ReEHmHnlgGWQ4UAFGzpE2o=", "last_login": "2023-11-08T20:04:05.150Z", "is_superuser": true, "username": "angel", "first_name": "Ángel", "last_name": "Gómez Ferrer", "email": "angelgf@correo.ugr.es", "is_staff": true, "is_active": true, "date_joined": "2023-09-11T01:29:47Z", "groups": [], "user_permissions": []}}, {"model": "auth.user", "pk": 2, "fields": {"password": "pbkdf2_sha256$600000$gba57y1heFyrEH7I2Ul9h3$do3HoIilgi1stU5uDBZzNmQ92Yezat5NYOvWJJDt7qs=", "last_login": "2023-10-20T12:10:55.929Z", "is_superuser": false, "username": "angelgf", "first_name": "Ángel2", "last_name": "Gómez Ferrer", "email": "angelgf2207@gmail.com", "is_staff": false, "is_active": true, "date_joined": "2023-09-21T18:53:04.826Z", "groups": [], "user_permissions": []}}, {"model": "auth.user", "pk": 9, "fields": {"password": "pbkdf2_sha256$600000$pPGkmdID7NTfXrGnmqP9hq$mCnEt5fCEt7VqubbWzTFc7L4B8d13mpn5Pn2H6pqPzM=", "last_login": "2023-10-30T19:15:26.394Z", "is_superuser": false, "username": "usuarioTruequeloop", "first_name": "Usuario", "last_name": "Trueque Loop", "email": "antoniolucas@gmail.com", "is_staff": false, "is_active": true, "date_joined": "2023-10-28T13:40:09.217Z", "groups": [], "user_permissions": []}}, {"model": "auth.user", "pk": 10, "fields": {"password": "pbkdf2_sha256$600000$8xCFubqJMco8WfxJUiEzbm$rCwxE4idqRShFQ5nbRaGFugM51rPRZPshhw0AhmKL0w=", "last_login": "2023-11-06T17:40:47.217Z", "is_superuser": false, "username": "carlos_", "first_name": "Carlos", "last_name": "Ortiz Pérez", "email": "carlos@gmail.com", "is_staff": false, "is_active": true, "date_joined": "2023-11-06T11:17:27.407Z", "groups": [], "user_permissions": []}}, {"model": "auth.user", "pk": 11, "fields": {"password": "pbkdf2_sha256$600000$nmAS5XJNuhu3eISYyRdLYJ$5z68xd6V0YO5AR9z/Wkjx8robtWqByarFLRtc1ghMrw=", "last_login": "2023-11-08T23:36:16.202Z", "is_superuser": true, "username": "admin_test", "first_name": "Admin", "last_name": "Test User", "email": "admin@trueque.loop", "is_staff": true, "is_active": true, "date_joined": "2023-11-08T23:36:15.568Z", "groups": [], "user_permissions": []}}, {"model": "contenttypes.contenttype", "pk": 1, "fields": {"app_label": "admin", "model": "logentry"}}, {"model": "contenttypes.contenttype", "pk": 2, "fields": {"app_label": "auth", "model": "permission"}}, {"model": "contenttypes.contenttype", "pk": 3, "fields": {"app_label": "auth", "model": "group"}}, {"model": "contenttypes.contenttype", "pk": 4, "fields": {"app_label": "auth", "model": "user"}}, {"model": "contenttypes.contenttype", "pk": 5, "fields": {"app_label": "contenttypes", "model": "contenttype"}}, {"model": "contenttypes.contenttype", "pk": 6, "fields": {"app_label": "sessions", "model": "session"}}, {"model": "contenttypes.contenttype", "pk": 7, "fields": {"app_label": "truequeloop_app", "model": "profile"}}, {"model": "contenttypes.contenttype", "pk": 8, "fields": {"app_label": "truequeloop_app", "model": "community"}}, {"model": "contenttypes.contenttype", "pk": 9, "fields": {"app_label": "truequeloop_app", "model": "trade"}}, {"model": "contenttypes.contenttype", "pk": 10, "fields": {"app_label": "truequeloop_app", "model": "tradeimages"}}, {"model": "contenttypes.contenttype", "pk": 11, "fields": {"app_label": "truequeloop_app", "model": "location"}}, {"model": "contenttypes.contenttype", "pk": 12, "fields": {"app_label": "truequeloop_app", "model": "openchats"}}, {"model": "contenttypes.contenttype", "pk": 13, "fields": {"app_label": "truequeloop_app", "model": "message"}}, {"model": "contenttypes.contenttype", "pk": 14, "fields": {"app_label": "truequeloop_app", "model": "openchat"}}, {"model": "contenttypes.contenttype", "pk": 15, "fields": {"app_label": "truequeloop_app", "model": "communityrequest"}}, {"model": "contenttypes.contenttype", "pk": 16, "fields": {"app_label": "admin_interface", "model": "theme"}}, {"model": "sessions.session", "pk": "eeo0mk3wdxbqzw89tb2f5r5ir5jdd4bb", "fields": {"session_data": ".eJxVjEsOwjAMBe-SNYqa2m5qluw5Q-XECSmgVOpnhbg7VOoCtm9m3ssMsq1l2JY0D6Oas3Hm9LsFiY9Ud6B3qbfJxqmu8xjsrtiDLvY6aXpeDvfvoMhSvnVDyM5ThpQzEvSMHYFTFC8tobAG7lqHUSMAATVOuJPQpwgIjbI37w-5TTbn:1qlgte:tDcj1Sb5WZc_SED-05Mjum_9t26Aya2SuMk8vkjM1QY", "expire_date": "2023-10-12T02:36:58.306Z"}}, {"model": "sessions.session", "pk": "fb9dxmj5k5000dlayxmb4jn37pq8pqu8", "fields": {"session_data": ".eJxVjMsOwiAQRf-FtSG8Cy7d-w2EGQapGkhKuzL-uzbpQrf3nHNfLKZtrXEbtMQ5szOTkp1-R0j4oLaTfE_t1jn2ti4z8F3hBx382jM9L4f7d1DTqN-agEryRUzWp5ANSVd0MbYYUkqBB8xBCzUBOkFBeqd8QK-DEoBog9Xs_QEjDzgY:1r0s5o:t7ZlZi-9eF-HgrrFHxKm_UmHg9sDxsc3IRslCE7zo4A", "expire_date": "2023-11-22T23:36:16.209Z"}}, {"model": "sessions.session", "pk": "i9l1bkbwtgnrqigy9mswqwz2jyyeeu1k", "fields": {"session_data": ".eJxVjDsOwjAQBe_iGlnerD-Bkj5nsNa7NgkgW8qnQtwdIqWA9s3Me6lI2zrGbclznERdVKdOv1sifuS6A7lTvTXNra7zlPSu6IMuemiSn9fD_TsYaRm_NWEHUHqS7CRgHziYQGhZimVA7gx4SAatOHYQPNhszr53kNBAAfHq_QHTHzb0:1qoVIW:Y52-Z9CD6gtkIkPbmiPdyKGFSiAfYkNSQDO14xU-7nU", "expire_date": "2023-10-19T20:50:16.068Z"}}, {"model": "sessions.session", "pk": "luk7h9zhjhswxupfnbexko4gjr13ycbf", "fields": {"session_data": ".eJxVjEsOwjAMBe-SNYqa2m5qluw5Q-XECSmgVOpnhbg7VOoCtm9m3ssMsq1l2JY0D6Oas3Hm9LsFiY9Ud6B3qbfJxqmu8xjsrtiDLvY6aXpeDvfvoMhSvnVDyM5ThpQzEvSMHYFTFC8tobAG7lqHUSMAATVOuJPQpwgIjbI37w-5TTbn:1qoQ4F:4epdr6LWgut2yCANdCArRQdKWrLORttvUf277sXjjZg", "expire_date": "2023-10-19T15:15:11.416Z"}}, {"model": "sessions.session", "pk": "p88u4vm1ouke8e8lqbbypd4r6seq2e2r", "fields": {"session_data": ".eJxVjEsOwjAMBe-SNYqa2m5qluw5Q-XECSmgVOpnhbg7VOoCtm9m3ssMsq1l2JY0D6Oas3Hm9LsFiY9Ud6B3qbfJxqmu8xjsrtiDLvY6aXpeDvfvoMhSvnVDyM5ThpQzEvSMHYFTFC8tobAG7lqHUSMAATVOuJPQpwgIjbI37w-5TTbn:1qfVki:Drmhfmu6pdHGcQ1siaSmaU8K9mwakgIEh3i_XlIADco", "expire_date": "2023-09-25T01:30:12.162Z"}}, {"model": "sessions.session", "pk": "rvzygbp1v240tuw37ueveinjzx1mdz9i", "fields": {"session_data": ".eJxVjDsOwjAQBe_iGlnerD-Bkj5nsNa7NgkgW8qnQtwdIqWA9s3Me6lI2zrGbclznERdVKdOv1sifuS6A7lTvTXNra7zlPSu6IMuemiSn9fD_TsYaRm_NWEHUHqS7CRgHziYQGhZimVA7gx4SAatOHYQPNhszr53kNBAAfHq_QHTHzb0:1qoCXg:c__glDMRDhQP5Lh4yt1egQa9w4BaGpoyoG5RuttbfFs", "expire_date": "2023-10-19T00:48:40.965Z"}}]